LON,LAT,PLOTID,CEO_plot_id,CEO_pl_plotid,forestType,email,O_Dynamics,O_Change,O_Ch_type,O_deg_driver,O_def_type,O_yrChange,J_Dynamics,J_Change,J_Ch_type,J_deg_driver,J_def_type,J_yrChange,J_notes,KK_Dynamics,KK_Change,KK_Ch_type,KK_notes,Jeremy final comment,Suggested change,Chittana,Khamkong,LC_Change_Dynamics,Year_degradation,notes,Year_Forest_Loss,pl_plotid,FINAL
106.0352048,16.30401816,6,139342231,6,dipterocarp,soukanh09@gmail.com,stable non-forest,no,,,,NA,degradation,yes,forest degradation,shifting agriculture,,2017,overall do not see link between FCDM 2019 disturbance,stable forest,no,,"seasonal change in Dry dipterocarp forest. easy to access the plot, might be selective logging.",There is the establishment of new paddy field that must generate disturbance on the nearby plot,Degradation,,1,forest loss,,Change in 2016,2015-2019,1,
105.5899997,16.02320481,10,139342235,10,dipterocarp,kkfipd@gmail.com,stable non-forest,no,,,,NA,loss,yes,forest loss,,agriculture,2014,,,,,,Forest loss occurred before 2015. We can consider the plot as stable non forest since 2015,No change,,0,forest loss,,Deforestation from 2012-2019,both,2,LOSS
105.7463066,16.70260066,11,139342236,11,dipterocarp,kkfipd@gmail.com,stable forest,no,,,,NA,degradation,yes,degradation,,,2018,logging insense next to plot,stable forest,no,,seasonal change,Agree with Khamkhong that it could be a very dry year in 2018.,No change,,0,forest degradation,2015-2019,gradually changes in forest covers,2015-2019,3,DEGRADATION
105.7473845,16.70125318,12,139342237,12,dipterocarp,kkfipd@gmail.com,stable forest,no,,,,NA,stable forest,no,,,,NA,"FREL degradation detedted in 2015-2019, from EG to MD, so really just a change in forest ",degradation,yes,forest degradation,seasonal change in Dr dipterocarp forest,Agree with Khamkhong's initial interpretation: no change,No change,,0,stable forest,,Increase forest cover since 2010,2010-2014,4,No change
105.8770114,16.7702438,15,139342240,15,dipterocarp,thongkhamvorabout@gmail.com,stable forest,no,,,,NA,stable forest,no,,,,NA,"FREL degradation detedted in 2015-2019, from EG to MD, so really just a change in forest ",degradation,yes,forest degradation,"easy to access the plot, maybe selective logging.",The plot is at the edge of forest patch and is mostly always close to disturbance,No change,,0,forest degradation,2015-2019,Start decreasing in forest cover in 2017,2015-2019,5,DEGRADATION
105.5843403,16.21616293,16,139342241,16,dipterocarp,thongkhamvorabout@gmail.com,loss,yes,forest loss,,agriculture,2018,stable non-forest,no,,,,NA,,,,,,The plot has some trees but it is not forest,No change,,1,forest loss,,forest loss due to road,2010-2014,6,
105.4684576,16.35737809,18,139342243,18,dipterocarp,thongkhamvorabout@gmail.com,stable non-forest,no,,,,NA,loss,yes,forest loss,,agriculture,2013,,,,,,"The loss occurred in 2013, if we consider only the period 2015-2019, this is stable non forest",No change,,1,forest loss,,forest clearance,both,7,
105.5897302,16.02293531,19,139342244,19,dipterocarp,thongkhamvorabout@gmail.com,stable non-forest,no,,,,NA,loss,yes,forest loss,,agriculture,2014,,stable non-forest,no,,seasonal change in forest plantation,No regeneration shown by the graphs,Loss,,0,forest loss,,forest loss in 2014,both,8,LOSS
105.4388132,16.84651076,20,139342245,20,dipterocarp,mouthvo@gmail.com,stable forest,no,,,,NA,loss,yes,forest loss,,agriculture & settlement,2018,,degradation,yes,forest degradation,"Forest degradation, easy to access the plot and surrounded by forest degradation",I still think this is a permanent change,Loss,,0,forest loss,,forest loss in  2017,2015-2019,9,LOSS
105.003849,17.01817882,25,139342250,25,dipterocarp,mouthvo@gmail.com,stable non-forest,no,,,,NA,loss,yes,forest loss,,agriculture,2017,,loss,yes,forest loss,"misinterpretation, very clear change",Agree with Khamkhong,Loss,,0,forest loss,,forest loss in 2016,2015-2019,10,LOSS
105.1997715,16.69370734,31,139342256,31,dipterocarp,chittanap@gmail.com,stable non-forest,no,,,,NA,stable non-forest,no,,,,NA,,recheck,recheck,recheck,"similarity between sparse forest and paddy field
simmilarity of Rice paday and sparse forest",Stable non forest,No change,0,0,stable non-forest,,agriculture land,both,11,No change
105.129703,16.7503012,33,139342258,33,dipterocarp,chittanap@gmail.com,stable non-forest,no,,,,NA,stable non-forest,no,,,,NA,"non-forest, but cleared in 2016 for agriculture",recheck,recheck,recheck,"obviously changing, misinterpretation
might be misinterpretation",the pixel itself was non-forest (grassland) but part of a forest landscape that was converted to agricultural land,Loss,1,0,forest loss,,forest loss in 2016,2015-2019,12,LOSS
105.1439862,16.11079055,45,139342270,45,dipterocarp,chittanap@gmail.com,stable non-forest,no,,,,NA,loss,yes,forest loss,,agriculture,2018,,recheck,recheck,recheck,"obviously seen in the image but still disagree. misinterpretation
might be misinterpretation",paddy filed extension in 2018. difference visible between bing maps and mapbox,Loss,1,0,forest loss,,convert into agriculture,2015-2019,13,LOSS
104.9434822,16.85243965,46,139342271,46,dipterocarp,chittanap@gmail.com,stable forest,no,,,,NA,stable forest,no,,,,NA,,degradation,yes,forest degradation,"Degradation forest, similarity of two different forest types
there is a clear cut nearby the plot. might be selective logging.",Agree with Khamkhong,Degradation,0,0,forest loss,,converted in to agriculture in 2018,2015-2019,14,DEGRADATION
105.1763255,16.62687268,47,139342272,47,dipterocarp,chittanap@gmail.com,stable non-forest,no,,,,NA,stable non-forest,no,,,,NA,,recheck,yes,recheck,"seasonal change, a part of the plot is still a forested area
the plot/ pixel cover many different types of land use.",Plot is not really forest. Not propoer for the analysis,No change,0,0,forest loss,,converted into agriculture (pond) in 2016,2015-2019,15,Not to include in analysis
106.543741,16.8397734,0,139377972,0,mixed,thongkhamvorabout@gmail.com,stable forest,no,,,,NA,stable forest,no,,,,NA,clearning next to plot in 2018,degradation,yes,forest degradation,"a small part of the plot is non forest, may be confusing when interpreted the plot. as there is a slash - burnt area nearby ,there might be forest degradation","I agree with Khamkhong, there might be degradation caused by larger disturbance beside the plot. NDFI do drop slightly in 2018.",Degradation,,0,stable forest,,not sure,2015-2019,16,DEGRADATION
106.3831223,16.81875282,7,139377979,7,mixed,kkfipd@gmail.com,stable forest,no,,,,NA,degradation,yes,degradation,selective logging,,2018,clearing next to plot,,,,,Small clearing visible with infrared NICFI in 2018,Degradation,,1,stable forest,,remaining the same forest,2010-2014,17,
105.8794369,16.99554127,13,139377985,13,mixed,thongkhamvorabout@gmail.com,stable forest,no,,,,NA,degradation,yes,degradation,shifting agriculture,,2011,,loss,yes,forest loss,confusing between other agriculture and young  plantation,clearing in 2011 and 2020,Degradation,,1,stable forest,,remaining,2010-2014,18,
106.5520954,16.47865066,22,139377994,22,mixed,chittanap@gmail.com,restoration,yes,forest restoration,,,2018,loss,yes,forest loss,,agriculture,2017,,,,,,No regeneration shown by TCC and TCH. NDFI is maybe too sensitive to photosynthesis as it looks like permanent agriculture (cane or cassava),Loss,1,0,forest loss,,forest loss in 2017,2015-2019,19,LOSS
106.5518259,16.46113351,25,139377997,25,mixed,chittanap@gmail.com,restoration,yes,forest restoration,,,2018,loss,yes,forest loss,,agriculture,2017,,,,,,,Loss,1,0,forest loss,,converted in to plantation in 2017,2015-2019,20,LOSS
105.2930167,16.52689019,27,139377999,27,mixed,chittanap@gmail.com,stable forest,no,,,,NA,loss,yes,forest loss,,agriculture,2018,,loss,yes,forest loss,half of the plot is rice paddy. no chance to change as the plot covers a stream,Jeremy and Khamkhong OK,Loss,1,0,forest loss,,half of pixel was disturbed in 2017,2015-2019,21,LOSS
106.3556338,16.44765878,30,139378002,30,mixed,chittanap@gmail.com,degradation,yes,forest degradation,shifting agriculture,,2018,loss,yes,forest loss, ,agriculture,2018,,,,,,It looks like more permanent agricultural lands (Nong District),Loss,1,0,forest loss,,forest clearance in 2018,2015-2019,22,LOSS
105.5705961,16.82036979,31,139378003,31,mixed,chittanap@gmail.com,degradation,yes,forest degradation,shifting agriculture,,2012,loss,yes,forest loss, ,agriculture,2019,,,,,,There is a disturbance in 2019. it is difficult to say if it will lead t forest loss or degradation,Degradation,,1,forest loss,,forest clearance,both,23,
105.2663367,16.45008423,32,139378004,32,mixed,chittanap@gmail.com,degradation,yes,forest degradation,shifting agriculture,,2018,loss,yes,forest loss, ,agriculture,2018,,,,,,New paddy field,Loss,1,0,forest loss,,forest clearance in 2018,2015-2019,24,LOSS
105.1116468,16.99500228,33,139378005,33,mixed,chittanap@gmail.com,stable forest,no,,,,NA,degradation,yes,forest degradation,selective logging,,2018,clearning besid plot,degradation,yes,forest degradation,"forest degradation happened in the plot but not clearly identify in a low spatial resolution satellite image.  g ag along road
there is a road nearby the plot, easy to access , there might be selective logging",Agree with Khamkhong,Degradation,0,0,stable forest,,deciduous forest,both,25,DEGRADATION
105.9880432,16.68589199,40,139378012,40,mixed,chittanap@gmail.com,degradation,yes,forest degradation,shifting agriculture,,2018,loss,yes,forest loss,,agriculture,2018,,,,,,looks more like permanent agriculture,Loss,1,0,forest loss,,forest clearance in 2018,2015-2019,26,LOSS
105.996128,16.67672918,42,139378014,42,mixed,chittanap@gmail.com,degradation,yes,forest degradation,shifting agriculture,,2018,loss,yes,forest loss,,agriculture,2018,,,,,,If looking only at the status in end of 2019 it is not obvious that it is a loss,Degradation,0,1,forest loss,,forest clearance in 2018,2015-2019,27,
105.1962681,16.38405806,45,139378017,45,mixed,chittanap@gmail.com,stable forest,no,,,,NA,loss,yes,forest loss,,agriculture,2018,,recheck,yes,recheck,"A part of the plot was cleared for cultivation
seasonal change. easy to access the plot, there might be selective logging.",,Loss,1,0,forest loss,,forest clearance in 2018-19,2015-2019,28,LOSS
104.8052315,16.72469921,47,139378019,47,mixed,chittanap@gmail.com,degradation,yes,forest degradation,shifting agriculture,,2015,loss,yes,forest loss,,agriculture,2015,,,,,,not shifting cutivation,Loss,1,0,forest degradation,2015-2019,Disturbance occurred in surrounding pixels,2015-2019,29,DEGRADATION
105.9389952,16.53308856,48,139378020,48,mixed,chittanap@gmail.com,stable forest,no,,,,NA,degradation,yes,forest degradation,,????,2015,slight disturbance in 2015 due to nearby clearing,stable forest,no,,"seasonal change in Dry Dipterocarp
seasonal change. easy to access the plot, there might be selective logging.",stable situation since 2015,No change,0,0,forest degradation,2015-2019,some selective loggings,2015-2019,30,DEGRADATION
105.0175932,16.42798567,49,139378021,49,mixed,chittanap@gmail.com,degradation,yes,forest degradation,shifting agriculture,,2015,stable non-forest,no,,,,NA,trees near a paddy field but has never been forest,,,,,Not really a forest pixel but there was disturbance beside,Degradation,0,1,forest loss,,forest clearance sin 2013,both,31,
106.1200956,16.63522701,7,139378029,7,forest evergreen,kkfipd@gmail.com,degradation,yes,forest degradation,shifting agriculture,,2016,loss,yes,forest loss,,agriculture,2016,,,,,,the pxel itself is degradaded but the surrounding forest is not really functionning,Degradation,,0,forest degradation,2015-2019,forest degraded since 2017-18,2015-2019,32,DEGRADATION
105.5202006,16.92035228,19,139378041,19,forest evergreen,chittanap@gmail.com,loss,yes,forest loss,,agriculture,2015,degradation,yes,forest degradation,,logging,2015,,,,,,"It is not Forest loss, we can see forest in GE for instance",Degradation,1,1,stable forest,,Drop in forest cover in 2015 then recovering,2015-2019,33,
105.9106983,16.77401672,23,139378045,23,forest evergreen,chittanap@gmail.com,other,yes,other,,,2018,loss,yes,forest loss,,,2018,,,,,,some trees are left but it is part of a agricultural area,we might consider this as a degradation,1,1,forest loss,,forest clearance in 2016,2015-2019,34,
105.9112373,16.48565752,27,139378049,27,forest evergreen,chittanap@gmail.com,degradation,yes,forest degradation,shifting agriculture,,2018,loss,yes,forest loss,,agriculture,2018,,,,,,Plot at the edge of paddy field,Degradation,0,0,forest degradation,2015-2019,Half plot was disturbed in 2017,2015-2019,35,DEGRADATION
105.750888,16.81309344,28,139378050,28,forest evergreen,chittanap@gmail.com,stable forest,no,,,,NA,degradation,yes,degradation,selective logging,,2015,,stable forest,no,,"there is no road to access the plot, it may be a seasonal change or illegal logging","NDFI seems to show a drop in 2015, but it is very difficult to see anything visually",I would incline for Degradation ,1,1,forest degradation,2015-2019,half plot was disturbed in 2017,2015-2019,36,
105.922017,16.810129,35,139378057,35,forest evergreen,chittanap@gmail.com,stable forest,no,,,,NA,degradation,yes,degradation,selective logging,,2015,,stable forest,no,,"there is no change, maybe because of illegal logging.
might be seasonal change or illegal logging","TCC, TCH and NDFI suggest that there was a disturbance in 2015 and 2016",Degradation,1,1,forest degradation,2015-2019,selective logging in 2015-2016,2015-2019,37,
106.2284324,16.61151149,39,139378061,39,forest evergreen,chittanap@gmail.com,stable forest,no,,,,NA,degradation,yes,degradation,selective logging,,2015,,stable forest,no,,"there is no road to access the plot, it may be a seasonal change or illegal logging
seasonal change",NDFI indicates disturbance in 2015 and are visible on NICFI images,Degradation,1,1,stable forest,,stable forest,both,38,
105.5110378,16.21050354,41,139378063,41,forest evergreen,chittanap@gmail.com,degradation,yes,forest degradation,shifting agriculture,,2018,loss,yes,forest loss,,agriculture,2018,,,,,,it looks more like cassava (see GE),Loss,1,0,forest loss,,forest clearance in 2018,2015-2019,39,LOSS
106.148662,16.84947521,42,139378064,42,forest evergreen,chittanap@gmail.com,stable forest,no,,,,NA,loss,yes,forest loss,,agriculture,2017,,stable non-forest,no,,"there is no road to access the plot, it may be a seasonal change or illegal logging
might be illegal logging or seasonal change",it looks like a large scale plantation (banana ?) or tree plantation: look at NICFI image from 2017. NDFI seems to climb back quickly but it seems very sensitive to photosynthesis so it can reach value of 1 but there are no trees.,We can consider as degradation,1,1,stable forest,,Forest becomes plantation?,2015-2019,40,
105.5358313,16.93140156,43,139378065,43,forest evergreen,chittanap@gmail.com,degradation,yes,forest degradation,shifting agriculture,,2017,loss,yes,forest loss,,agriculture,2016,,,,,,NDFI indicates a slow regeneration but not TCC and TCH. Looking at GE it looks like a cassava field. ,Loss,1,0,forest loss,,forest clearance since 2016,2015-2019,41,LOSS
106.495232,16.21589344,44,139378066,44,forest evergreen,chittanap@gmail.com,stable forest,no,,,,NA,recheck,yes,???,,,2017,,stable forest,no,,"there is no road to access the plot, it may be a seasonal change or illegal logging
might be illegal logging or seasonal change",Looks like shifting cultivation,Degradation,0,0,forest degradation,2015-2019,selective logging in 2017,2015-2019,42,DEGRADATION
105.6282679,16.12992466,45,139378067,45,forest evergreen,chittanap@gmail.com,stable forest,no,,,,NA,degradation,yes,degradation,shifting argicultural ,,2017,,stable forest,no,,seasonal change,NDFI drop as well as TCH and TCC suggest a disturbance. Fields nearby the plot were cleared in 2017,Degradation,1,1,forest degradation,2010-2014,drop in 2013?,2010-2014,43,
106.0020569,16.15417918,46,139378068,46,forest evergreen,chittanap@gmail.com,degradation,yes,forest degradation,shifting agriculture,,2018,loss,yes,forest loss,,agriculture,2018,,,,,,Agree with shifting cultivation,Degradation,0,1,forest loss,,forest clearance in 2018,2015-2019,44,
105.9047694,16.80581708,48,139378070,48,forest evergreen,chittanap@gmail.com,degradation,yes,forest degradation,shifting agriculture,,2015,loss,yes,forest loss,,agriculture,2017,,,,,,Difficult to assess if permanent agriculture or shifting,Degradation,0,1,forest loss,,forest clearance in 2017,2015-2019,45,
105.9567818,16.80770354,49,139378071,49,forest evergreen,chittanap@gmail.com,stable forest,no,,,,NA,degradation,yes,degradation,selective logging,,2015,,recheck,recheck,recheck,"there is no road to access the plot, it may be a seasonal change or illegal logging
seasonal change",logging tracks visible and the earliest NICFI image,Degradation,1,1,stable forest,,stable forest,both,46,
